date,RF,Mkt,Mkt-RF,SMB,HML,RMW,CMA
7/1/1963,0.0027,-0.0012,-0.0039,-0.0041,-0.0097,0.0068,-0.0118
8/1/1963,0.0025,0.0532,0.0507,-0.008,0.018,0.0036,-0.0035
9/1/1963,0.0027,-0.013,-0.0157,-0.0052,0.0013,-0.0071,0.0029
10/1/1963,0.0029,0.0282,0.0253,-0.0139,-0.001,0.028,-0.0201
11/1/1963,0.0027,-0.0058,-0.0085,-0.0088,0.0175,-0.0051,0.0224
12/1/1963,0.0029,0.0212,0.0183,-0.021,-0.0002,0.0003,-0.0007
1/1/1964,0.003,0.0254,0.0224,0.0013,0.0148,0.0017,0.0147
2/1/1964,0.0026,0.018,0.0154,0.0028,0.0281,-0.0005,0.0091
3/1/1964,0.0031,0.0172,0.0141,0.0123,0.034,-0.0221,0.0322
4/1/1964,0.0029,0.0039,0.001,-0.0152,-0.0067,-0.0127,-0.0108
5/1/1964,0.0026,0.0168,0.0142,-0.0063,0.0186,-0.0016,0.0017
6/1/1964,0.003,0.0157,0.0127,0.0029,0.0062,-0.0028,-0.0017
7/1/1964,0.003,0.0204,0.0174,0.005,0.0075,0.0008,0.0191
8/1/1964,0.0028,-0.0116,-0.0144,0.0041,0.0008,0.0012,0.0035
9/1/1964,0.0028,0.0297,0.0269,-0.0034,0.017,-0.0056,0.0062
10/1/1964,0.0029,0.0088,0.0059,0.0087,0.0117,-0.0043,0.0047
11/1/1964,0.0029,0.0029,0,-0.0015,-0.0196,0.0063,-0.0026
12/1/1964,0.0031,0.0034,0.0003,-0.0069,-0.0248,0.0107,-0.015
1/1/1965,0.0028,0.0382,0.0354,0.0244,0.0012,0.0091,0.001
2/1/1965,0.003,0.0074,0.0044,0.0331,0.0011,0.0023,-0.0068
3/1/1965,0.0036,-0.0098,-0.0134,0.0212,0.0103,-0.0032,0.0069
4/1/1965,0.0031,0.0342,0.0311,0.0105,0.0066,0.003,-0.022
5/1/1965,0.0031,-0.0046,-0.0077,0.001,-0.0161,-0.0045,0.0053
6/1/1965,0.0035,-0.0516,-0.0551,-0.0428,0.0059,0.0022,0.0037
7/1/1965,0.0031,0.0174,0.0143,0.0108,0.022,-0.0137,0.0003
8/1/1965,0.0033,0.0306,0.0273,0.0271,-0.01,0.019,-0.0074
9/1/1965,0.0031,0.0317,0.0286,0.0062,-0.0013,-0.0089,0.008
10/1/1965,0.0031,0.0291,0.026,0.0347,0.0156,0.0117,-0.0065
11/1/1965,0.0035,0.0032,-0.0003,0.0519,0.0015,-0.0101,-0.0094
12/1/1965,0.0033,0.0134,0.0101,0.0266,0.0203,-0.0114,-0.0053
1/1/1966,0.0038,0.011,0.0072,0.0468,0.0356,-0.0282,-0.0011
2/1/1966,0.0035,-0.0086,-0.0121,0.0471,0.0033,-0.0017,-0.0149
3/1/1966,0.0038,-0.0213,-0.0251,0.0032,-0.0198,0.013,0.0006
4/1/1966,0.0034,0.0248,0.0214,0.0335,-0.0046,0.0039,-0.0095
5/1/1966,0.0041,-0.0525,-0.0566,-0.051,-0.0163,0.0164,-0.0152
6/1/1966,0.0038,-0.0106,-0.0144,0.0137,0.005,0.0015,0.0078
7/1/1966,0.0035,-0.0128,-0.0163,-0.0041,0.0095,-0.0036,0.0179
8/1/1966,0.0041,-0.075,-0.0791,-0.0312,0.0043,-0.0009,0.008
9/1/1966,0.004,-0.0066,-0.0106,-0.0114,0.0056,-0.0168,0.0237
10/1/1966,0.0045,0.0431,0.0386,-0.0645,0.0269,-0.0348,0.0425
11/1/1966,0.004,0.018,0.014,0.0334,-0.0469,0.0413,-0.0662
12/1/1966,0.004,0.0053,0.0013,0.0202,-0.0119,0.007,-0.0034
1/1/1967,0.0043,0.0858,0.0815,0.091,0.0227,0.0096,-0.0316
2/1/1967,0.0036,0.0114,0.0078,0.0306,-0.0222,0.0199,-0.0099
3/1/1967,0.0039,0.0438,0.0399,0.0187,0.0037,0.0086,-0.016
4/1/1967,0.0032,0.0421,0.0389,0.0043,-0.0248,0.0233,-0.0367
5/1/1967,0.0033,-0.04,-0.0433,0.0229,0.0109,-0.0173,0.0173
6/1/1967,0.0027,0.0268,0.0241,0.0643,0.0085,-0.0062,-0.0242
7/1/1967,0.0031,0.0489,0.0458,0.0354,0.0273,0.0048,0.027
8/1/1967,0.0031,-0.0058,-0.0089,0.0072,0.0144,0.003,0.0145
9/1/1967,0.0032,0.0343,0.0311,0.0244,-0.025,0.002,-0.0095
10/1/1967,0.0039,-0.027,-0.0309,0.0053,-0.033,0.0101,-0.0262
11/1/1967,0.0036,0.0073,0.0037,-0.0004,-0.017,0.0134,-0.0234
12/1/1967,0.0033,0.0338,0.0305,0.0575,-0.0053,-0.0081,0.0013
1/1/1968,0.004,-0.0366,-0.0406,0.0451,0.048,-0.0462,0.0646
2/1/1968,0.0039,-0.0336,-0.0375,-0.0291,0.0128,-0.0016,0.0245
3/1/1968,0.0038,0.0058,0.002,-0.0159,-0.0059,0.0105,-0.011
4/1/1968,0.0043,0.0948,0.0905,0.0618,-0.0113,0.0269,-0.0365
5/1/1968,0.0045,0.0273,0.0228,0.07,0.0085,0.0043,-0.0192
6/1/1968,0.0043,0.0112,0.0069,-0.0028,0.0073,-0.0141,0.0276
7/1/1968,0.0048,-0.0224,-0.0272,-0.0141,0.0539,-0.0313,0.0372
8/1/1968,0.0042,0.0176,0.0134,0.0227,0.0101,-0.007,0.0048
9/1/1968,0.0043,0.0446,0.0403,0.0281,0.003,-0.0199,0.0087
10/1/1968,0.0044,0.0086,0.0042,-0.0042,0.0286,-0.0132,0.027
11/1/1968,0.0042,0.0585,0.0543,0.0239,-0.0092,0.0043,-0.0243
12/1/1968,0.0043,-0.0351,-0.0394,0.0352,-0.0001,-0.0186,0.0176
1/1/1969,0.0053,-0.0072,-0.0125,-0.0044,0.0167,-0.0155,0.0138
2/1/1969,0.0046,-0.0538,-0.0584,-0.0416,0.0091,0.0207,0.0083
3/1/1969,0.0046,0.031,0.0264,-0.0045,-0.0051,-0.0143,-0.0035
4/1/1969,0.0053,0.0199,0.0146,-0.008,-0.0003,0.0041,0.0006
5/1/1969,0.0048,0.0038,-0.001,-0.0011,0.007,-0.0095,0.0139
6/1/1969,0.0051,-0.0667,-0.0718,-0.0545,-0.0108,0.0432,-0.016
7/1/1969,0.0053,-0.0647,-0.07,-0.0341,0.012,0.0148,0.0191
8/1/1969,0.005,0.0518,0.0468,0.007,-0.0379,0.0113,-0.0402
9/1/1969,0.0062,-0.0236,-0.0298,0.0129,-0.0327,0.0339,-0.0082
10/1/1969,0.006,0.0566,0.0506,0.0396,-0.0316,0.0005,-0.0215
11/1/1969,0.0052,-0.0327,-0.0379,-0.0245,-0.0119,0.0146,0.003
12/1/1969,0.0064,-0.0199,-0.0263,-0.0376,-0.0286,0.0254,-0.0181
1/1/1970,0.006,-0.075,-0.081,0.0312,0.0313,-0.0172,0.0384
2/1/1970,0.0062,0.0575,0.0513,-0.0276,0.0393,-0.0229,0.0276
3/1/1970,0.0057,-0.0049,-0.0106,-0.0241,0.0399,-0.01,0.0429
4/1/1970,0.005,-0.105,-0.11,-0.064,0.0618,-0.0064,0.0621
5/1/1970,0.0053,-0.0639,-0.0692,-0.0448,0.0333,-0.0121,0.039
6/1/1970,0.0058,-0.0521,-0.0579,-0.022,0.006,0.0013,0.0296
7/1/1970,0.0052,0.0745,0.0693,-0.0062,0.009,-0.0026,0.0184
8/1/1970,0.0053,0.0502,0.0449,0.0152,0.0115,0.0056,-0.0021
9/1/1970,0.0054,0.0472,0.0418,0.0851,-0.0547,0.003,-0.0583
10/1/1970,0.0046,-0.0182,-0.0228,-0.0443,0.0022,0.0171,0.0234
11/1/1970,0.0046,0.0506,0.046,-0.0386,0.0169,0.0157,0.0147
12/1/1970,0.0042,0.0614,0.0572,0.0294,0.01,0.0027,0.003
1/1/1971,0.0038,0.0522,0.0484,0.0754,0.0133,-0.0199,0.0007
2/1/1971,0.0033,0.0174,0.0141,0.0204,-0.0123,0.0062,-0.007
3/1/1971,0.003,0.0443,0.0413,0.0226,-0.0395,0.0182,-0.0271
4/1/1971,0.0028,0.0343,0.0315,-0.0036,0.0069,-0.0147,0.0087
5/1/1971,0.0029,-0.0369,-0.0398,-0.0111,-0.0144,0.014,0.0025
6/1/1971,0.0037,0.0027,-0.001,-0.0148,-0.0187,0.0153,-0.0164
7/1/1971,0.004,-0.041,-0.045,-0.0139,0.0002,0.0064,0.0146
8/1/1971,0.0047,0.0426,0.0379,-0.0016,0.0263,-0.0043,0.0264
9/1/1971,0.0037,-0.0048,-0.0085,0.0028,-0.0291,0.0256,-0.0158
10/1/1971,0.0037,-0.0405,-0.0442,-0.016,-0.0048,0.0162,-0.0135
11/1/1971,0.0037,-0.0009,-0.0046,-0.0286,-0.0168,0.0244,-0.0034
12/1/1971,0.0037,0.0908,0.0871,0.0327,-0.004,-0.004,-0.0175
1/1/1972,0.0029,0.0278,0.0249,0.061,0.0224,-0.0169,0.0055
2/1/1972,0.0025,0.0312,0.0287,0.0087,-0.0279,0.0161,-0.0052
3/1/1972,0.0027,0.009,0.0063,-0.0043,-0.0161,0.0163,-0.0018
4/1/1972,0.0029,0.0058,0.0029,0.0023,0.0012,-0.0042,-0.0103
5/1/1972,0.003,0.0155,0.0125,-0.031,-0.027,0.0234,-0.0195
6/1/1972,0.0029,-0.0214,-0.0243,-0.0043,-0.0248,0.0188,-0.0036
7/1/1972,0.0031,-0.0049,-0.008,-0.0277,0.0066,0.0114,-0.0066
8/1/1972,0.0029,0.0355,0.0326,-0.0348,0.0454,-0.0196,0.0285
9/1/1972,0.0034,-0.008,-0.0114,-0.0223,0.0046,0.0168,-0.0197
10/1/1972,0.004,0.0092,0.0052,-0.0254,0.0134,-0.0015,0.0002
11/1/1972,0.0037,0.0497,0.046,-0.0062,0.0485,-0.0195,0.0337
12/1/1972,0.0037,0.0099,0.0062,-0.0189,-0.0219,0.026,-0.0216
1/1/1973,0.0044,-0.0285,-0.0329,-0.0281,0.0268,0.0042,0.009
2/1/1973,0.0041,-0.0444,-0.0485,-0.0391,0.016,-0.0026,0.0002
3/1/1973,0.0046,-0.0084,-0.013,-0.0233,0.0262,-0.0107,0.0062
4/1/1973,0.0052,-0.0516,-0.0568,-0.029,0.0541,-0.0158,0.026
5/1/1973,0.0051,-0.0243,-0.0294,-0.0617,0.0041,0.0195,-0.0157
6/1/1973,0.0051,-0.0106,-0.0157,-0.0248,0.012,-0.0021,0.0011
7/1/1973,0.0064,0.0569,0.0505,0.0726,-0.0531,-0.0005,-0.0328
8/1/1973,0.007,-0.0312,-0.0382,-0.0184,0.0124,-0.0131,0.013
9/1/1973,0.0068,0.0543,0.0475,0.036,0.0201,-0.0233,0.0177
10/1/1973,0.0065,-0.0018,-0.0083,-0.0038,0.0194,-0.019,0.0271
11/1/1973,0.0056,-0.1219,-0.1275,-0.0728,0.0387,-0.0263,0.0173
12/1/1973,0.0064,0.0125,0.0061,-0.0469,0.0385,-0.0278,0.0248
1/1/1974,0.0063,0.0046,-0.0017,0.1041,0.0602,-0.0307,0.0442
2/1/1974,0.0058,0.0011,-0.0047,0.0006,0.0281,-0.0187,0.0263
3/1/1974,0.0056,-0.0225,-0.0281,0.0265,-0.0032,0.028,0.0044
4/1/1974,0.0075,-0.0454,-0.0529,-0.007,0.0085,0.0287,0.0209
5/1/1974,0.0075,-0.0393,-0.0468,-0.0307,-0.0202,0.0495,-0.0042
6/1/1974,0.006,-0.0223,-0.0283,0,0.0077,0.0057,0.0294
7/1/1974,0.007,-0.0735,-0.0805,0.0192,0.0516,-0.0325,0.046
8/1/1974,0.006,-0.0875,-0.0935,0.0026,0.0264,-0.0028,0.0259
9/1/1974,0.0081,-0.1096,-0.1177,0.0148,0.0558,-0.0444,0.0591
10/1/1974,0.0051,0.1661,0.161,-0.0682,-0.0987,-0.0021,-0.0286
11/1/1974,0.0054,-0.0397,-0.0451,-0.0148,-0.002,-0.0337,0.0292
12/1/1974,0.007,-0.0275,-0.0345,-0.0435,0.0011,-0.0068,0.0325
1/1/1975,0.0058,0.1424,0.1366,0.1291,0.0828,-0.0078,-0.009
2/1/1975,0.0043,0.0599,0.0556,-0.0065,-0.0444,0.0116,-0.021
3/1/1975,0.0041,0.0307,0.0266,0.04,0.0238,0.0126,-0.0133
4/1/1975,0.0044,0.0467,0.0423,-0.0071,-0.0114,0.0141,-0.0134
5/1/1975,0.0044,0.0563,0.0519,0.0289,-0.041,-0.0098,-0.006
6/1/1975,0.0041,0.0524,0.0483,0.0143,0.0138,-0.0266,0.0106
7/1/1975,0.0048,-0.0611,-0.0659,0.0344,0.0169,0.0046,0.0122
8/1/1975,0.0048,-0.0237,-0.0285,-0.0284,-0.0095,0.0111,-0.0093
9/1/1975,0.0053,-0.0373,-0.0426,0.0005,0.0039,0.0053,0.0055
10/1/1975,0.0056,0.0587,0.0531,-0.0423,0.0028,-0.0049,0.0226
11/1/1975,0.0041,0.0305,0.0264,-0.0109,0.0203,-0.0068,0.0175
12/1/1975,0.0048,-0.0112,-0.016,-0.0005,0.0169,-0.0009,0.0057
1/1/1976,0.0047,0.1263,0.1216,0.0634,0.0863,-0.0179,0.0228
2/1/1976,0.0034,0.0066,0.0032,0.0799,0.0587,-0.0264,0.0387
3/1/1976,0.004,0.0272,0.0232,-0.0138,-0.0012,-0.0033,0.0096
4/1/1976,0.0042,-0.0107,-0.0149,0.0008,-0.0016,0.004,-0.011
5/1/1976,0.0037,-0.0097,-0.0134,-0.011,-0.0136,0.0246,-0.0141
6/1/1976,0.0043,0.0448,0.0405,-0.0107,0.0071,-0.0068,0.0102
7/1/1976,0.0047,-0.006,-0.0107,0.0063,0.0173,-0.0105,0.0028
8/1/1976,0.0042,-0.0014,-0.0056,-0.0198,0.0081,-0.0042,-0.0055
9/1/1976,0.0044,0.0251,0.0207,0.001,-0.0029,0.0098,-0.0115
10/1/1976,0.0041,-0.0201,-0.0242,0.0013,-0.0018,-0.0019,-0.0037
11/1/1976,0.004,0.0076,0.0036,0.0266,0.0151,-0.0141,0.0009
12/1/1976,0.004,0.0605,0.0565,0.0364,0.0227,-0.0061,0.0228
1/1/1977,0.0036,-0.0369,-0.0405,0.059,0.0427,-0.0051,0.0197
2/1/1977,0.0035,-0.0159,-0.0194,0.0107,0.0047,-0.0016,-0.0022
3/1/1977,0.0038,-0.0099,-0.0137,0.0131,0.0109,-0.003,-0.0006
4/1/1977,0.0038,0.0053,0.0015,0.0061,0.0338,-0.0201,0.0114
5/1/1977,0.0037,-0.0108,-0.0145,0.0131,0.0085,0.0033,0.0019
6/1/1977,0.004,0.0511,0.0471,0.0208,-0.0074,0.0091,-0.012
7/1/1977,0.0042,-0.0127,-0.0169,0.0188,-0.0056,0.0073,0.0009
8/1/1977,0.0044,-0.0131,-0.0175,0.0086,-0.027,0.0098,-0.0066
9/1/1977,0.0043,0.0016,-0.0027,0.0143,-0.0052,0.0143,-0.0084
10/1/1977,0.0049,-0.0389,-0.0438,0.0148,0.0175,-0.002,-0.003
11/1/1977,0.005,0.045,0.04,0.0364,0.0026,-0.0013,0.0073
12/1/1977,0.0049,0.0076,0.0027,0.0159,-0.0029,0.0092,-0.0069
1/1/1978,0.0049,-0.0552,-0.0601,0.0272,0.0336,-0.0172,0.0152
2/1/1978,0.0046,-0.0092,-0.0138,0.037,0.0083,0.003,0.0101
3/1/1978,0.0053,0.0338,0.0285,0.0371,0.0118,-0.0059,0.0189
4/1/1978,0.0054,0.0842,0.0788,-0.0026,-0.0354,0.0281,-0.0126
5/1/1978,0.0051,0.0227,0.0176,0.0458,-0.0052,0.0022,0.0041
6/1/1978,0.0054,-0.0115,-0.0169,0.0156,0.0057,-0.014,-0.0007
7/1/1978,0.0056,0.0567,0.0511,0.0012,-0.0115,0.0155,-0.0078
8/1/1978,0.0056,0.0431,0.0375,0.0495,-0.0051,0.0143,0.0046
9/1/1978,0.0062,-0.0081,-0.0143,-0.0032,0.0189,-0.0067,0.0178
10/1/1978,0.0068,-0.1123,-0.1191,-0.1002,0.0138,0.0012,0.0094
11/1/1978,0.007,0.0341,0.0271,0.0281,-0.0215,0.0113,-0.0117
12/1/1978,0.0078,0.0166,0.0088,0.0113,-0.0213,0.0201,-0.0132
1/1/1979,0.0077,0.05,0.0423,0.0378,0.0219,-0.0247,0.0152
2/1/1979,0.0073,-0.0283,-0.0356,0.0054,0.0117,-0.0112,0.0094
3/1/1979,0.0081,0.0649,0.0568,0.0324,-0.0071,0.0053,0.0032
4/1/1979,0.008,0.0074,-0.0006,0.0237,0.0112,0.0108,0.0017
5/1/1979,0.0082,-0.0139,-0.0221,0.0018,0.0131,-0.0154,-0.0027
6/1/1979,0.0081,0.0466,0.0385,0.01,0.0144,-0.0166,-0.0052
7/1/1979,0.0077,0.0159,0.0082,0.0127,0.0186,-0.0029,0.0071
8/1/1979,0.0077,0.063,0.0553,0.0192,-0.0158,0.0162,-0.0148
9/1/1979,0.0083,0.0001,-0.0082,-0.0032,-0.009,0.0101,0.0032
10/1/1979,0.0087,-0.0723,-0.081,-0.035,-0.0184,0.0101,0.0007
11/1/1979,0.0099,0.062,0.0521,0.0253,-0.0329,0.0006,-0.0212
12/1/1979,0.0095,0.0274,0.0179,0.0432,-0.021,-0.007,-0.0092
1/1/1980,0.008,0.0631,0.0551,0.0183,0.0175,-0.017,0.0164
2/1/1980,0.0089,-0.0033,-0.0122,-0.0157,0.0061,0.0004,0.0268
3/1/1980,0.0121,-0.1169,-0.129,-0.0693,-0.0101,0.0146,-0.0119
4/1/1980,0.0126,0.0523,0.0397,0.0105,0.0106,-0.021,0.0029
5/1/1980,0.0081,0.0607,0.0526,0.0211,0.0038,0.0034,-0.0031
6/1/1980,0.0061,0.0367,0.0306,0.0141,-0.0076,-0.0015,-0.0126
7/1/1980,0.0053,0.0702,0.0649,0.0382,-0.0641,0.0406,-0.0243
8/1/1980,0.0064,0.0244,0.018,0.0425,-0.026,0.0206,-0.0086
9/1/1980,0.0075,0.0294,0.0219,0.0067,-0.0459,0.0191,-0.0276
10/1/1980,0.0095,0.0201,0.0106,0.0233,-0.0276,0.0165,-0.0115
11/1/1980,0.0096,0.1055,0.0959,-0.0331,-0.0833,0.045,-0.0566
12/1/1980,0.0131,-0.0321,-0.0452,-0.0029,0.0279,-0.0129,0.0124
1/1/1981,0.0104,-0.04,-0.0504,0.0329,0.0672,-0.0351,0.0433
2/1/1981,0.0107,0.0164,0.0057,-0.005,0.0102,0.0021,0.0222
3/1/1981,0.0121,0.0477,0.0356,0.0302,0.0064,-0.0224,-0.0054
4/1/1981,0.0108,-0.0103,-0.0211,0.0459,0.0228,0.0083,0.0124
5/1/1981,0.0115,0.0126,0.0011,0.0245,-0.0042,0.003,-0.0153
6/1/1981,0.0135,-0.0101,-0.0236,-0.0096,0.0513,-0.0137,0.0266
7/1/1981,0.0124,-0.003,-0.0154,-0.0205,-0.005,0.0126,-0.0254
8/1/1981,0.0128,-0.0576,-0.0704,-0.0181,0.0476,-0.0032,0.0141
9/1/1981,0.0124,-0.0593,-0.0717,-0.0245,0.0517,0.0008,0.0263
10/1/1981,0.0121,0.0613,0.0492,0.0237,-0.0421,0.0315,-0.0301
11/1/1981,0.0107,0.0443,0.0336,-0.0151,0.0183,0.0008,0.0095
12/1/1981,0.0087,-0.0278,-0.0365,0.012,0.0081,0.0022,0.025
1/1/1982,0.008,-0.0244,-0.0324,-0.0114,0.0319,-0.0149,0.0192
2/1/1982,0.0092,-0.0494,-0.0586,0.0035,0.0605,-0.0348,0.0456
3/1/1982,0.0098,-0.0089,-0.0187,-0.0005,0.0381,-0.0138,0.0249
4/1/1982,0.0113,0.044,0.0327,0.0109,-0.027,0.0157,-0.0001
5/1/1982,0.0106,-0.0293,-0.0399,0.0064,0.0175,0.0087,-0.003
6/1/1982,0.0096,-0.0213,-0.0309,-0.0052,0.0153,0.0001,0.0272
7/1/1982,0.0105,-0.0214,-0.0319,0.0095,0.0009,0.0104,0.0155
8/1/1982,0.0076,0.119,0.1114,-0.0435,0.0095,-0.0189,0.0009
9/1/1982,0.0051,0.018,0.0129,0.0261,0.0028,0.0214,-0.0004
10/1/1982,0.0059,0.1189,0.113,0.0192,-0.0366,0.0029,-0.0034
11/1/1982,0.0063,0.053,0.0467,0.0443,-0.0187,-0.0097,0.0027
12/1/1982,0.0067,0.0122,0.0055,-0.0004,-0.0002,-0.0001,0.0102
1/1/1983,0.0069,0.0429,0.036,0.0335,-0.0075,-0.0155,-0.0058
2/1/1983,0.0062,0.0321,0.0259,0.0292,0.007,-0.0052,0.0105
3/1/1983,0.0063,0.0345,0.0282,0.0137,0.0202,-0.0017,0.0274
4/1/1983,0.0071,0.0738,0.0667,0.0048,0.0049,-0.0011,0.0142
5/1/1983,0.0069,0.0121,0.0052,0.063,-0.014,-0.0184,-0.0151
6/1/1983,0.0067,0.0374,0.0307,0.0118,-0.039,0.026,-0.0087
7/1/1983,0.0074,-0.0333,-0.0407,0.0101,0.0562,-0.0014,0.0281
8/1/1983,0.0076,0.0026,-0.005,-0.0432,0.0554,0.0051,0.019
9/1/1983,0.0076,0.0167,0.0091,0.003,0.0101,0.0124,0.005
10/1/1983,0.0076,-0.0268,-0.0344,-0.0377,0.0497,-0.0077,0.0296
11/1/1983,0.007,0.0286,0.0216,0.0187,-0.0072,-0.0067,0.0066
12/1/1983,0.0073,-0.0105,-0.0178,-0.0045,0.0173,0.0164,0.0127
1/1/1984,0.0076,-0.0116,-0.0192,-0.0004,0.0758,-0.0089,0.0292
2/1/1984,0.0071,-0.0411,-0.0482,-0.0159,0.0333,0.009,0.0158
3/1/1984,0.0073,0.0136,0.0063,-0.0029,0.0046,-0.0096,0.0117
4/1/1984,0.0081,0.003,-0.0051,-0.0095,0.012,0.0334,0.0076
5/1/1984,0.0078,-0.0519,-0.0597,0.0013,0.0031,0.0236,-0.0046
6/1/1984,0.0075,0.0257,0.0182,0.0011,-0.0266,0.0317,-0.0156
7/1/1984,0.0082,-0.0192,-0.0274,-0.0222,0.0036,0.0355,-0.0215
8/1/1984,0.0083,0.1111,0.1028,-0.0026,-0.0182,-0.0068,-0.0092
9/1/1984,0.0086,0.0006,-0.008,-0.0003,0.0528,0.0137,0.0241
10/1/1984,0.01,0.0016,-0.0084,-0.0144,0.0045,0.0118,-0.0109
11/1/1984,0.0073,-0.0103,-0.0176,-0.0102,0.0406,0.0072,0.0206
12/1/1984,0.0064,0.0248,0.0184,-0.0065,-0.0026,0.0131,-0.0136
1/1/1985,0.0065,0.0864,0.0799,0.0351,-0.0535,-0.0089,-0.0341
2/1/1985,0.0058,0.018,0.0122,0.0104,-0.001,0.0129,0.0106
3/1/1985,0.0062,-0.0022,-0.0084,-0.0139,0.0407,0.0123,0.0288
4/1/1985,0.0072,-0.0024,-0.0096,-0.001,0.0372,0.0155,0.0071
5/1/1985,0.0066,0.0575,0.0509,-0.0231,-0.0096,0.0133,-0.0149
6/1/1985,0.0055,0.0182,0.0127,0.0035,0.0038,0.0176,-0.0077
7/1/1985,0.0062,-0.0012,-0.0074,0.0287,-0.0162,-0.0042,-0.0038
8/1/1985,0.0055,-0.0047,-0.0102,-0.0029,0.0232,-0.001,0.0183
9/1/1985,0.006,-0.0394,-0.0454,-0.018,0.0129,0.0114,0.0164
10/1/1985,0.0065,0.0467,0.0402,-0.015,0.0075,0.0089,-0.0106
11/1/1985,0.0061,0.0709,0.0648,0.0002,-0.0285,0.0033,-0.0232
12/1/1985,0.0065,0.0453,0.0388,-0.0041,-0.0154,0.0099,-0.018
1/1/1986,0.0056,0.0121,0.0065,0.0101,0.0044,-0.02,-0.0203
2/1/1986,0.0053,0.0766,0.0713,-0.0071,-0.0072,0.0106,-0.012
3/1/1986,0.006,0.0548,0.0488,-0.0066,-0.0039,0.0121,0.0092
4/1/1986,0.0052,-0.0079,-0.0131,0.0284,-0.0287,0.0291,0.0003
5/1/1986,0.0049,0.0511,0.0462,-0.0129,-0.0021,0.0213,0.0108
6/1/1986,0.0052,0.0155,0.0103,-0.0089,0.0128,0.018,0.0087
7/1/1986,0.0052,-0.0593,-0.0645,-0.0346,0.047,-0.0054,0.0084
8/1/1986,0.0046,0.0653,0.0607,-0.0435,0.0351,-0.0166,0.0321
9/1/1986,0.0045,-0.0815,-0.086,0.0205,0.0322,-0.0008,0.0371
10/1/1986,0.0046,0.0512,0.0466,-0.0233,-0.0142,-0.0005,0.01
11/1/1986,0.0039,0.0156,0.0117,-0.0188,-0.0007,0.0109,0.0067
12/1/1986,0.0049,-0.0278,-0.0327,0.0012,0.0036,0.0079,0.0009
1/1/1987,0.0042,0.1289,0.1247,-0.0154,-0.0316,0.0017,-0.01
2/1/1987,0.0043,0.0482,0.0439,0.034,-0.0591,-0.0076,-0.0266
3/1/1987,0.0047,0.0211,0.0164,0.0028,0.0161,0.0136,0.0414
4/1/1987,0.0044,-0.0167,-0.0211,-0.0154,-0.0039,-0.0049,0.0105
5/1/1987,0.0038,0.0049,0.0011,-0.0056,0.0023,0.0051,0.0114
6/1/1987,0.0048,0.0442,0.0394,-0.0221,0.0104,0.017,0.0084
7/1/1987,0.0046,0.0431,0.0385,-0.0114,0.0068,-0.0061,0.0161
8/1/1987,0.0047,0.0399,0.0352,-0.0094,-0.0093,0.0204,-0.0161
9/1/1987,0.0045,-0.0214,-0.0259,0.0038,0.0027,-0.0097,0.0187
10/1/1987,0.006,-0.2264,-0.2324,-0.0807,0.0424,0.0204,0.0234
11/1/1987,0.0035,-0.0742,-0.0777,0.0285,0.0295,-0.0188,0.0068
12/1/1987,0.0039,0.072,0.0681,0.0006,-0.0443,0.0296,-0.0242
1/1/1988,0.0029,0.045,0.0421,-0.0051,0.0501,-0.0114,0.0213
2/1/1988,0.0046,0.0521,0.0475,0.0332,-0.0171,0.0156,-0.0001
3/1/1988,0.0044,-0.0183,-0.0227,0.0625,0.0073,-0.0025,0.018
4/1/1988,0.0046,0.0102,0.0056,0.0116,0.0167,-0.002,0.0192
5/1/1988,0.0051,0.0022,-0.0029,-0.0256,0.0242,-0.0074,0.0033
6/1/1988,0.0049,0.0528,0.0479,0.0216,-0.0124,0.0147,-0.0337
7/1/1988,0.0051,-0.0074,-0.0125,-0.0021,0.0222,-0.0058,0.0152
8/1/1988,0.0059,-0.0272,-0.0331,-0.0003,0.0215,-0.0082,0.0176
9/1/1988,0.0062,0.0392,0.033,-0.0136,-0.0075,0.0176,-0.0061
10/1/1988,0.0061,0.0176,0.0115,-0.0295,0.0205,0.013,0.0103
11/1/1988,0.0057,-0.0172,-0.0229,-0.0165,0.0141,-0.0028,0.0162
12/1/1988,0.0063,0.0212,0.0149,0.0201,-0.0169,0.0069,-0.0038
1/1/1989,0.0055,0.0665,0.061,-0.0231,0.006,-0.0095,0.0014
2/1/1989,0.0061,-0.0164,-0.0225,0.0271,0.0101,-0.0087,0.0181
3/1/1989,0.0067,0.0224,0.0157,0.0068,0.0058,0.0005,0.0072
4/1/1989,0.0067,0.05,0.0433,-0.0078,-0.0142,0.0071,-0.0057
5/1/1989,0.0079,0.0414,0.0335,-0.0001,-0.0088,0.0049,-0.0008
6/1/1989,0.0071,-0.0064,-0.0135,-0.0109,0.0225,0.0027,0.0156
7/1/1989,0.007,0.079,0.072,-0.0415,-0.0279,0.0198,-0.0058
8/1/1989,0.0074,0.0218,0.0144,0.0048,0.006,0.0039,-0.0058
9/1/1989,0.0065,-0.0011,-0.0076,0.0049,-0.0127,0.014,0.005
10/1/1989,0.0068,-0.0299,-0.0367,-0.033,-0.0111,0.0011,-0.0004
11/1/1989,0.0069,0.0172,0.0103,-0.0129,-0.0109,-0.0086,0.0141
12/1/1989,0.0061,0.0177,0.0116,-0.0227,0.0016,-0.0007,0.0142
1/1/1990,0.0057,-0.0728,-0.0785,-0.0131,0.0085,-0.0117,0.0135
2/1/1990,0.0057,0.0168,0.0111,0.0117,0.0064,-0.0003,-0.0066
3/1/1990,0.0064,0.0247,0.0183,0.0162,-0.0292,0.0204,-0.0102
4/1/1990,0.0069,-0.0267,-0.0336,-0.0033,-0.0259,0.0178,-0.0098
5/1/1990,0.0068,0.091,0.0842,-0.0235,-0.0383,0.0157,-0.0168
6/1/1990,0.0063,-0.0046,-0.0109,0.0135,-0.0193,-0.0103,-0.0039
7/1/1990,0.0068,-0.0122,-0.019,-0.0316,-0.0003,-0.0018,0.0321
8/1/1990,0.0066,-0.0949,-0.1015,-0.0387,0.0164,-0.0035,0.0296
9/1/1990,0.006,-0.0552,-0.0612,-0.0374,0.0064,0.0006,0.0367
10/1/1990,0.0068,-0.0124,-0.0192,-0.0512,0.001,0.0297,-0.003
11/1/1990,0.0057,0.0692,0.0635,0.0007,-0.031,0.0065,-0.0474
12/1/1990,0.006,0.0306,0.0246,0.0067,-0.017,0.0273,-0.0189
1/1/1991,0.0052,0.0521,0.0469,0.0391,-0.016,0.0128,-0.0399
2/1/1991,0.0048,0.0767,0.0719,0.0394,-0.0058,-0.002,-0.0033
3/1/1991,0.0044,0.0309,0.0265,0.0383,-0.0139,-0.0053,-0.0106
4/1/1991,0.0053,0.0025,-0.0028,0.0031,0.015,0.0062,0.0074
5/1/1991,0.0047,0.0412,0.0365,0.0014,-0.0052,0.02,-0.0243
6/1/1991,0.0042,-0.0452,-0.0494,0.0024,0.0115,0.0179,0.0065
7/1/1991,0.0049,0.0473,0.0424,-0.0096,-0.0132,0.016,-0.0136
8/1/1991,0.0046,0.0278,0.0232,0.014,-0.0078,0.0084,-0.0034
9/1/1991,0.0046,-0.0113,-0.0159,0.0156,-0.0108,-0.0182,0.0008
10/1/1991,0.0042,0.0171,0.0129,0.0091,-0.0047,-0.017,-0.0023
11/1/1991,0.0039,-0.038,-0.0419,-0.0083,-0.0189,0.0111,0.0001
12/1/1991,0.0038,0.1122,0.1084,-0.024,-0.0417,0.0355,-0.0312
1/1/1992,0.0034,-0.0025,-0.0059,0.0918,0.0471,-0.0132,0.032
2/1/1992,0.0028,0.0137,0.0109,0.0133,0.0647,0.0008,0.0219
3/1/1992,0.0034,-0.0232,-0.0266,-0.0093,0.0356,-0.0001,0.0195
4/1/1992,0.0032,0.0139,0.0107,-0.057,0.0434,0.0169,0.0223
5/1/1992,0.0028,0.0058,0.003,0.0021,0.0119,-0.0095,0.0048
6/1/1992,0.0032,-0.0202,-0.0234,-0.0273,0.0324,-0.0005,0.0101
7/1/1992,0.0031,0.0408,0.0377,-0.0062,-0.0056,0.013,-0.0091
8/1/1992,0.0026,-0.0212,-0.0238,-0.0042,-0.011,0.0372,-0.0165
9/1/1992,0.0026,0.0145,0.0119,0.0048,-0.0026,0.0164,-0.0059
10/1/1992,0.0023,0.0125,0.0102,0.0207,-0.0198,0.0124,-0.0079
11/1/1992,0.0023,0.0436,0.0413,0.0394,-0.0135,-0.0068,-0.0159
12/1/1992,0.0028,0.0181,0.0153,0.0168,0.0262,-0.0048,0.0084
1/1/1993,0.0023,0.0116,0.0093,0.0193,0.0594,-0.0184,0.0291
2/1/1993,0.0022,0.0034,0.0012,-0.0345,0.0642,-0.0042,0.0413
3/1/1993,0.0025,0.0255,0.023,0.0009,0.0118,-0.0015,0.009
4/1/1993,0.0024,-0.0281,-0.0305,-0.0085,0.0249,-0.0361,0.0138
5/1/1993,0.0022,0.0311,0.0289,0.019,-0.0342,-0.0012,-0.0104
6/1/1993,0.0025,0.0056,0.0031,0.0013,0.0275,-0.0092,0.0121
7/1/1993,0.0024,-0.001,-0.0034,0.0095,0.0285,-0.0187,0.0206
8/1/1993,0.0025,0.0396,0.0371,0.001,0.0013,-0.0154,-0.0004
9/1/1993,0.0026,0.0014,-0.0012,0.0298,-0.0031,0.0024,-0.0016
10/1/1993,0.0022,0.0163,0.0141,0.0189,-0.0276,0.0057,0.006
11/1/1993,0.0025,-0.0164,-0.0189,-0.0127,-0.0074,0.0223,-0.0094
12/1/1993,0.0023,0.0188,0.0165,0.014,0.0032,0.0116,-0.0034
1/1/1994,0.0025,0.0312,0.0287,-0.0006,0.0115,-0.0166,0.0143
2/1/1994,0.0021,-0.0234,-0.0255,0.0267,-0.0154,0.0214,-0.01
3/1/1994,0.0027,-0.0451,-0.0478,-0.0104,0.016,0.0069,0.0128
4/1/1994,0.0027,0.0095,0.0068,-0.0101,0.0166,0.0107,0.0111
5/1/1994,0.0031,0.0089,0.0058,-0.0256,0.0067,0.006,0.0068
6/1/1994,0.0031,-0.0272,-0.0303,-0.005,0.0167,0.0121,0.0147
7/1/1994,0.0028,0.031,0.0282,-0.0185,0.0058,-0.0065,0.0014
8/1/1994,0.0037,0.0438,0.0401,0.0137,-0.0251,0.0095,-0.0147
9/1/1994,0.0037,-0.0194,-0.0231,0.028,-0.0189,0.0052,0.0093
10/1/1994,0.0038,0.0172,0.0134,-0.023,-0.0162,0.0023,-0.0068
11/1/1994,0.0037,-0.0367,-0.0404,0.0007,-0.007,0.0042,-0.005
12/1/1994,0.0044,0.013,0.0086,0,-0.0013,0.0037,0.0038
1/1/1995,0.0042,0.0222,0.018,-0.0306,0.0257,0.0017,-0.0075
2/1/1995,0.004,0.0403,0.0363,-0.0054,0.0108,0.0059,-0.0033
3/1/1995,0.0046,0.0265,0.0219,-0.0051,-0.0215,-0.0017,0.0022
4/1/1995,0.0044,0.0255,0.0211,-0.0022,0.0171,0.0041,0.009
5/1/1995,0.0054,0.0344,0.029,-0.0219,0.0229,0.0039,0.0004
6/1/1995,0.0047,0.0319,0.0272,0.0306,-0.0254,-0.0033,-0.0244
7/1/1995,0.0045,0.0417,0.0372,0.0209,-0.0162,0.003,-0.0165
8/1/1995,0.0047,0.0102,0.0055,0.0175,0.0279,-0.0124,0.0162
9/1/1995,0.0043,0.0378,0.0335,-0.0188,-0.0004,0.0103,0.0036
10/1/1995,0.0047,-0.0105,-0.0152,-0.0404,-0.005,0.0191,-0.0005
11/1/1995,0.0042,0.0438,0.0396,-0.0107,0.0051,-0.0062,0.0112
12/1/1995,0.0049,0.0152,0.0103,0.0072,0.0022,-0.0137,0.031
1/1/1996,0.0043,0.0269,0.0226,-0.0256,0.0038,0.0018,0.0231
2/1/1996,0.0039,0.0172,0.0133,0.0177,-0.0108,0.0024,-0.019
3/1/1996,0.0039,0.0112,0.0073,0.0161,0.0035,0.0142,-0.0095
4/1/1996,0.0046,0.0252,0.0206,0.0471,-0.0402,-0.0014,-0.0211
5/1/1996,0.0042,0.0278,0.0236,0.0321,-0.0083,0.0012,-0.003
6/1/1996,0.004,-0.0074,-0.0114,-0.0365,0.0235,0.0351,0.0122
7/1/1996,0.0045,-0.0552,-0.0597,-0.0381,0.0514,0.0295,0.026
8/1/1996,0.0041,0.0318,0.0277,0.0257,-0.0074,-0.0037,-0.0242
9/1/1996,0.0044,0.0545,0.0501,-0.0139,-0.0272,0.0127,-0.0222
10/1/1996,0.0042,0.0128,0.0086,-0.0377,0.0494,0.014,0.0325
11/1/1996,0.0041,0.0666,0.0625,-0.038,0.0139,0.0212,-0.0079
12/1/1996,0.0046,-0.0124,-0.017,0.0325,0.0131,0.0037,0.0149
1/1/1997,0.0045,0.0544,0.0499,-0.0182,-0.0142,0.0119,-0.0002
2/1/1997,0.0039,-0.001,-0.0049,-0.0259,0.0567,0.0067,0.0347
3/1/1997,0.0043,-0.046,-0.0503,-0.0043,0.0339,0.005,0.0166
4/1/1997,0.0043,0.0447,0.0404,-0.057,0.0007,0.0326,-0.0072
5/1/1997,0.0049,0.0723,0.0674,0.0475,-0.0413,-0.0102,-0.0296
6/1/1997,0.0037,0.0447,0.041,0.0119,0.0158,0.0056,0.0066
7/1/1997,0.0043,0.0776,0.0733,-0.0276,0.0026,0.0007,-0.0258
8/1/1997,0.0041,-0.0374,-0.0415,0.0761,0.0118,-0.0111,-0.0004
9/1/1997,0.0044,0.0579,0.0535,0.0249,0.0037,-0.0163,-0.0091
10/1/1997,0.0042,-0.0338,-0.038,-0.0052,0.0227,0.01,0.0194
11/1/1997,0.0039,0.0337,0.0298,-0.0511,0.012,0.0281,0.0184
12/1/1997,0.0048,0.018,0.0132,-0.0203,0.0384,0.0074,0.0192
1/1/1998,0.0043,0.0058,0.0015,-0.0136,-0.0163,0.0087,-0.0073
2/1/1998,0.0039,0.0743,0.0704,0.002,-0.0085,-0.0031,-0.0254
3/1/1998,0.0039,0.0515,0.0476,-0.0065,0.0139,-0.0026,-0.0037
4/1/1998,0.0043,0.0116,0.0073,0,0.0094,-0.0169,-0.0036
5/1/1998,0.004,-0.0267,-0.0307,-0.0295,0.0344,0.011,0.0261
6/1/1998,0.0041,0.0359,0.0318,-0.0366,-0.0196,-0.0026,-0.0297
7/1/1998,0.004,-0.0206,-0.0246,-0.0527,-0.0178,0.0174,0.0045
8/1/1998,0.0043,-0.1565,-0.1608,-0.0517,0.0353,0.0337,0.0591
9/1/1998,0.0046,0.0661,0.0615,-0.0078,-0.0342,-0.0188,-0.0299
10/1/1998,0.0032,0.0745,0.0713,-0.0343,-0.0223,0.0093,0.0031
11/1/1998,0.0031,0.0641,0.061,0.0075,-0.0325,-0.0086,-0.0118
12/1/1998,0.0038,0.0654,0.0616,-0.0156,-0.0419,-0.0076,-0.0339
1/1/1999,0.0035,0.0385,0.035,-0.0075,-0.046,-0.0277,-0.068
2/1/1999,0.0035,-0.0373,-0.0408,-0.0522,0.0192,-0.0123,0.041
3/1/1999,0.0043,0.0388,0.0345,-0.0423,-0.0274,-0.0407,-0.0142
4/1/1999,0.0037,0.047,0.0433,0.0452,0.0246,-0.0253,0.0089
5/1/1999,0.0034,-0.0212,-0.0246,0.0371,0.0235,0.0093,0.0334
6/1/1999,0.004,0.0517,0.0477,0.0229,-0.0319,0.0113,-0.0321
7/1/1999,0.0038,-0.0311,-0.0349,0.0257,-0.0044,0.0036,0.0322
8/1/1999,0.0039,-0.0099,-0.0138,-0.0173,-0.0187,-0.0024,0.0064
9/1/1999,0.0039,-0.024,-0.0279,0.0259,-0.0349,-0.0075,-0.0123
10/1/1999,0.0039,0.0651,0.0612,-0.0691,-0.0337,-0.0174,-0.0119
11/1/1999,0.0036,0.0373,0.0337,0.058,-0.0612,-0.0428,-0.0174
12/1/1999,0.0044,0.0816,0.0772,0.0539,-0.0833,-0.076,-0.0563
1/1/2000,0.0041,-0.0433,-0.0474,0.0442,-0.0188,-0.0629,0.0472
2/1/2000,0.0043,0.0288,0.0245,0.1828,-0.0959,-0.1865,-0.0048
3/1/2000,0.0047,0.0567,0.052,-0.1532,0.0813,0.1179,-0.0159
4/1/2000,0.0046,-0.0594,-0.064,-0.0501,0.0726,0.0766,0.0565
5/1/2000,0.005,-0.0392,-0.0442,-0.0381,0.0475,0.0413,0.0137
6/1/2000,0.004,0.0504,0.0464,0.0992,-0.0842,-0.0831,-0.0295
7/1/2000,0.0048,-0.0203,-0.0251,-0.0103,0.0831,0.0583,0.0294
8/1/2000,0.005,0.0753,0.0703,-0.0103,-0.0139,-0.0322,0.011
9/1/2000,0.0051,-0.0494,-0.0545,0.0019,0.0717,0.0256,0.0553
10/1/2000,0.0056,-0.022,-0.0276,-0.0265,0.0571,0.0961,0.038
11/1/2000,0.0051,-0.1021,-0.1072,-0.0058,0.123,0.1307,0.0843
12/1/2000,0.005,0.0169,0.0119,0.0326,0.0761,0.0171,0.0479
1/1/2001,0.0054,0.0367,0.0313,0.0548,-0.0507,-0.0469,-0.0503
2/1/2001,0.0038,-0.0967,-0.1005,0.0283,0.1247,0.091,0.0907
3/1/2001,0.0042,-0.0684,-0.0726,0.0233,0.0642,0.0335,0.0392
4/1/2001,0.0039,0.0833,0.0794,-0.0086,-0.0467,-0.0306,-0.032
5/1/2001,0.0032,0.0104,0.0072,0.036,0.0336,0.0025,0.0191
6/1/2001,0.0028,-0.0166,-0.0194,0.0657,-0.0112,0.016,-0.0151
7/1/2001,0.003,-0.0183,-0.0213,-0.0282,0.0521,0.0742,0.0307
8/1/2001,0.0031,-0.0615,-0.0646,0.0271,0.0231,0.0405,0.0657
9/1/2001,0.0028,-0.0897,-0.0925,-0.0573,0.0145,0.0499,0.0321
10/1/2001,0.0022,0.0268,0.0246,0.0527,-0.0765,-0.0298,-0.0455
11/1/2001,0.0017,0.0771,0.0754,-0.0031,0.0221,-0.0373,-0.0161
12/1/2001,0.0015,0.0175,0.016,0.0516,0.0084,0.0034,-0.0026
1/1/2002,0.0014,-0.013,-0.0144,0.0126,0.0344,0.0469,0.0284
2/1/2002,0.0013,-0.0216,-0.0229,-0.0036,0.0216,0.0807,0.0511
3/1/2002,0.0013,0.0437,0.0424,0.0425,0.0106,-0.0178,0.0058
4/1/2002,0.0015,-0.0505,-0.052,0.0672,0.0388,0.0456,0.0538
5/1/2002,0.0014,-0.0124,-0.0138,-0.0302,0.0153,0.0236,0.0244
6/1/2002,0.0013,-0.0708,-0.0721,0.0389,-0.0005,0.0393,0.0251
7/1/2002,0.0015,-0.0803,-0.0818,-0.0643,-0.0385,0.0379,-0.0099
8/1/2002,0.0014,0.0064,0.005,-0.0131,0.0328,0.0136,-0.0147
9/1/2002,0.0014,-0.1021,-0.1035,0.0308,0.0147,0.0329,-0.0219
10/1/2002,0.0014,0.0798,0.0784,-0.0431,-0.0395,-0.0339,0.0076
11/1/2002,0.0012,0.0608,0.0596,0.0291,-0.0123,-0.092,0.0515
12/1/2002,0.0011,-0.0565,-0.0576,0.0062,0.0214,0.0629,-0.0168
1/1/2003,0.001,-0.0247,-0.0257,0.007,-0.0083,-0.0099,0.0069
2/1/2003,0.0009,-0.0179,-0.0188,-0.0093,-0.0139,0.0083,-0.0062
3/1/2003,0.001,0.0119,0.0109,0.0065,-0.0193,0.0187,-0.0077
4/1/2003,0.001,0.0832,0.0822,0.0102,0.0114,-0.0468,0.0106
5/1/2003,0.0009,0.0614,0.0605,0.0481,0.004,-0.07,0.0291
6/1/2003,0.001,0.0152,0.0142,0.0166,0.0011,0.0051,-0.0038
7/1/2003,0.0007,0.0242,0.0235,0.0454,-0.0124,-0.0414,0.0178
8/1/2003,0.0007,0.0241,0.0234,0.0248,0.0153,-0.0225,0.0214
9/1/2003,0.0008,-0.0116,-0.0124,0.0054,0.0016,0.0101,0.0034
10/1/2003,0.0007,0.0615,0.0608,0.0271,0.0197,-0.0135,0.0155
11/1/2003,0.0007,0.0142,0.0135,0.0233,0.0178,0.0019,0.0181
12/1/2003,0.0008,0.0437,0.0429,-0.0249,0.016,0.0056,0.0094
1/1/2004,0.0007,0.0222,0.0215,0.0245,0.0249,-0.0366,0.0338
2/1/2004,0.0006,0.0146,0.014,-0.0093,0.009,0.0217,-0.0121
3/1/2004,0.0009,-0.0123,-0.0132,0.021,0.0027,0.0156,-0.0098
4/1/2004,0.0008,-0.0175,-0.0183,-0.0201,-0.031,0.0345,-0.0284
5/1/2004,0.0006,0.0123,0.0117,-0.0038,-0.0025,-0.0118,0.0003
6/1/2004,0.0008,0.0194,0.0186,0.0256,0.0118,0.012,-0.0039
7/1/2004,0.001,-0.0396,-0.0406,-0.0295,0.0324,0.0532,-0.0166
8/1/2004,0.0011,0.0019,0.0008,-0.0113,0.0097,0.0123,-0.0147
9/1/2004,0.0011,0.0171,0.016,0.0327,0,-0.0149,-0.0188
10/1/2004,0.0011,0.0154,0.0143,0.0019,-0.0022,-0.0052,0.0049
11/1/2004,0.0015,0.0469,0.0454,0.0411,0.0141,-0.0058,-0.0022
12/1/2004,0.0016,0.0359,0.0343,-0.0005,-0.0022,-0.0116,0.0046
1/1/2005,0.0016,-0.026,-0.0276,-0.0117,0.0206,0.0274,-0.0146
2/1/2005,0.0016,0.0205,0.0189,-0.0031,0.0154,0.0143,-0.0005
3/1/2005,0.0021,-0.0176,-0.0197,-0.0142,0.0204,0.0047,0.0129
4/1/2005,0.0021,-0.024,-0.0261,-0.0398,0.0007,0.0097,-0.0094
5/1/2005,0.0024,0.0389,0.0365,0.0279,-0.0064,-0.01,0.003
6/1/2005,0.0023,0.008,0.0057,0.0328,0.0283,0.0096,-0.0051
7/1/2005,0.0024,0.0416,0.0392,0.0281,-0.0079,-0.0119,-0.0082
8/1/2005,0.003,-0.0092,-0.0122,-0.0089,0.0132,-0.0205,0.0037
9/1/2005,0.0029,0.0078,0.0049,-0.0034,0.0071,0.0027,-0.006
10/1/2005,0.0027,-0.0175,-0.0202,-0.0145,0.0042,-0.0093,-0.013
11/1/2005,0.0031,0.0392,0.0361,0.0084,-0.0116,-0.0076,-0.0114
12/1/2005,0.0032,0.0007,-0.0025,-0.002,0.002,0.0021,0.0023
1/1/2006,0.0035,0.0339,0.0304,0.0575,0.0108,-0.0064,-0.0046
2/1/2006,0.0034,0.0004,-0.003,-0.0042,-0.0034,-0.0051,0.0191
3/1/2006,0.0037,0.0183,0.0146,0.0338,0.006,0.0006,-0.0041
4/1/2006,0.0036,0.0109,0.0073,-0.0084,0.0234,0.018,0.0001
5/1/2006,0.0043,-0.0314,-0.0357,-0.0285,0.0241,0.0115,0.0146
6/1/2006,0.004,0.0005,-0.0035,-0.0024,0.0085,0.0132,-0.0007
7/1/2006,0.004,-0.0038,-0.0078,-0.0363,0.026,0.0163,0.009
8/1/2006,0.0042,0.0245,0.0203,0.0044,-0.0206,-0.0186,0.0209
9/1/2006,0.0041,0.0225,0.0184,-0.0146,0.0008,0.0082,0.006
10/1/2006,0.0041,0.0364,0.0323,0.0198,-0.0031,-0.0012,0.0028
11/1/2006,0.0042,0.0213,0.0171,0.0071,0.0014,0.0015,-0.008
12/1/2006,0.004,0.0127,0.0087,-0.0081,0.0273,-0.0072,0.0206
1/1/2007,0.0044,0.0184,0.014,0.0007,-0.0068,0.0025,0.0038
2/1/2007,0.0038,-0.0158,-0.0196,0.0129,-0.0014,-0.0051,-0.0071
3/1/2007,0.0043,0.0111,0.0068,0.002,-0.0097,0.0064,-0.0065
4/1/2007,0.0044,0.0393,0.0349,-0.0204,-0.0145,0.0115,0.0103
5/1/2007,0.0041,0.0365,0.0324,0.004,-0.0065,0.0158,-0.0136
6/1/2007,0.004,-0.0156,-0.0196,0.0074,-0.0105,0.0053,0.0008
7/1/2007,0.004,-0.0333,-0.0373,-0.0299,-0.0371,0.002,-0.0113
8/1/2007,0.0042,0.0134,0.0092,-0.0037,-0.0186,-0.0121,-0.0053
9/1/2007,0.0032,0.0354,0.0322,-0.0244,-0.0221,-0.0052,-0.0302
10/1/2007,0.0032,0.0212,0.018,-0.0008,-0.0298,-0.003,-0.0009
11/1/2007,0.0034,-0.0449,-0.0483,-0.0302,-0.0094,0.0189,-0.0029
12/1/2007,0.0027,-0.006,-0.0087,0.0015,-0.0055,0.0087,-0.0105
1/1/2008,0.0021,-0.0615,-0.0636,-0.0065,0.0397,0.0214,0.0214
2/1/2008,0.0013,-0.0296,-0.0309,-0.0066,-0.0084,0.0088,-0.0093
3/1/2008,0.0017,-0.0076,-0.0093,0.0056,0.003,0.0079,0.005
4/1/2008,0.0018,0.0478,0.046,-0.012,-0.0094,0.0164,-0.0247
5/1/2008,0.0018,0.0204,0.0186,0.0302,-0.0143,0.0093,-0.0006
6/1/2008,0.0017,-0.0827,-0.0844,0.0118,-0.0271,0.0496,-0.0055
7/1/2008,0.0015,-0.0062,-0.0077,0.0372,0.0542,-0.0137,0.0108
8/1/2008,0.0013,0.0166,0.0153,0.0346,0.0159,0.0186,0.0084
9/1/2008,0.0015,-0.0909,-0.0924,0.0025,0.0591,0.0241,0.0178
10/1/2008,0.0008,-0.1715,-0.1723,-0.0334,-0.023,0.0304,0.0205
11/1/2008,0.0003,-0.0783,-0.0786,-0.0389,-0.0631,0.0453,0.0275
12/1/2008,0,0.0174,0.0174,0.0329,0.0014,0.0006,-0.0149
1/1/2009,0,-0.0812,-0.0812,-0.0214,-0.1129,0.0018,-0.0117
2/1/2009,0.0001,-0.1009,-0.101,-0.0132,-0.0695,0.0119,-0.0102
3/1/2009,0.0002,0.0897,0.0895,0.0067,0.0347,-0.0252,-0.0225
4/1/2009,0.0001,0.1019,0.1018,0.0713,0.0536,0.0131,0.0013
5/1/2009,0,0.0521,0.0521,-0.0232,0.0028,-0.0078,-0.0217
6/1/2009,0.0001,0.0044,0.0043,0.0229,-0.0273,-0.0141,-0.0033
7/1/2009,0.0001,0.0773,0.0772,0.0239,0.0483,-0.0046,0.0314
8/1/2009,0.0001,0.0334,0.0333,-0.0009,0.0763,-0.0302,0.0334
9/1/2009,0.0001,0.0409,0.0408,0.0273,0.0105,0.0131,0.0036
10/1/2009,0,-0.0259,-0.0259,-0.0493,-0.0421,0.0417,-0.0151
11/1/2009,0,0.0556,0.0556,-0.0268,-0.0034,0.01,0.0012
12/1/2009,0.0001,0.0276,0.0275,0.0624,-0.0017,0.0102,-0.0009
1/1/2010,0,-0.0336,-0.0336,0.0034,0.0043,-0.0127,0.0046
2/1/2010,0,0.034,0.034,0.0151,0.0323,-0.0027,0.0143
3/1/2010,0.0001,0.0632,0.0631,0.0185,0.0221,-0.0065,0.0169
4/1/2010,0.0001,0.0201,0.02,0.0498,0.0289,0.0069,0.0172
5/1/2010,0.0001,-0.0788,-0.0789,0.0004,-0.0244,0.013,-0.0021
6/1/2010,0.0001,-0.0556,-0.0557,-0.0247,-0.047,-0.0016,-0.0155
7/1/2010,0.0001,0.0694,0.0693,0.0012,-0.0031,0.0024,0.0201
8/1/2010,0.0001,-0.0476,-0.0477,-0.0315,-0.019,0.0053,-0.0159
9/1/2010,0.0001,0.0955,0.0954,0.0375,-0.0316,-0.0021,0.0038
10/1/2010,0.0001,0.0389,0.0388,0.008,-0.0243,0.0119,-0.0026
11/1/2010,0.0001,0.0061,0.006,0.0367,-0.0096,0.0045,0.0159
12/1/2010,0.0001,0.0683,0.0682,0.0103,0.037,-0.0344,0.0316
1/1/2011,0.0001,0.02,0.0199,-0.0243,0.0083,-0.0076,0.0083
2/1/2011,0.0001,0.035,0.0349,0.0165,0.0127,-0.0194,0.0088
3/1/2011,0.0001,0.0047,0.0046,0.0262,-0.0183,0.0176,-0.0003
4/1/2011,0,0.029,0.029,-0.0055,-0.0243,0.0101,-0.008
5/1/2011,0,-0.0127,-0.0127,-0.0063,-0.0212,0.0208,-0.0159
6/1/2011,0,-0.0175,-0.0175,0.0016,-0.0042,0.0249,-0.0153
7/1/2011,0,-0.0235,-0.0235,-0.012,-0.009,0.0268,-0.0181
8/1/2011,0.0001,-0.0598,-0.0599,-0.032,-0.0236,0.033,-0.0038
9/1/2011,0,-0.0759,-0.0759,-0.0366,-0.0172,0.0204,0.0024
10/1/2011,0,0.1135,0.1135,0.0346,0.001,-0.0216,-0.0086
11/1/2011,0,-0.0028,-0.0028,-0.0028,-0.0046,0.0186,0.0149
12/1/2011,0,0.0074,0.0074,-0.0033,0.0163,0.0098,0.0252
1/1/2012,0,0.0505,0.0505,0.0206,-0.0097,-0.0201,-0.0143
2/1/2012,0,0.0442,0.0442,-0.0171,0.0043,-0.0048,-0.0001
3/1/2012,0,0.0311,0.0311,-0.0047,0.0114,-0.0054,0.0074
4/1/2012,0,-0.0085,-0.0085,-0.0055,-0.0078,0.013,0.0065
5/1/2012,0.0001,-0.0618,-0.0619,-0.0012,-0.0107,0.0208,0.0231
6/1/2012,0,0.0389,0.0389,0.0084,0.0062,-0.0109,0.0046
7/1/2012,0,0.0079,0.0079,-0.0278,-0.0002,0.011,0.0005
8/1/2012,0.0001,0.0256,0.0255,0.0044,0.013,-0.0133,-0.0084
9/1/2012,0.0001,0.0274,0.0273,0.0061,0.016,-0.0149,0.0155
10/1/2012,0.0001,-0.0175,-0.0176,-0.0089,0.0359,-0.0134,0.025
11/1/2012,0.0001,0.0079,0.0078,0.0046,-0.0084,0.006,0.0084
12/1/2012,0.0001,0.0119,0.0118,0.0189,0.0351,-0.0185,0.0091
1/1/2013,0,0.0557,0.0557,0.0048,0.0096,-0.0193,0.0141
2/1/2013,0,0.0129,0.0129,-0.0025,0.0011,-0.0067,0.0052
3/1/2013,0,0.0403,0.0403,0.0085,-0.0019,0.0014,0.0138
4/1/2013,0,0.0155,0.0155,-0.0225,0.0045,0.0027,0.0037
5/1/2013,0,0.028,0.028,0.0206,0.0263,-0.0197,-0.0087
6/1/2013,0,-0.012,-0.012,0.0157,0.0003,-0.0038,0
7/1/2013,0,0.0565,0.0565,0.0181,0.0057,-0.0135,0.0051
8/1/2013,0,-0.0271,-0.0271,-0.0006,-0.0269,0.0066,-0.0216
9/1/2013,0,0.0377,0.0377,0.0263,-0.0122,-0.0058,-0.0136
10/1/2013,0,0.0418,0.0418,-0.0148,0.0125,0.0278,0.0087
11/1/2013,0,0.0313,0.0313,0.0141,0.0032,0.0014,0.0004
12/1/2013,0,0.0281,0.0281,-0.0045,-0.0002,-0.0046,0.0009
1/1/2014,0,-0.0332,-0.0332,0.0058,-0.0207,-0.0388,-0.0142
2/1/2014,0,0.0465,0.0465,0.0014,-0.0031,-0.0023,-0.0045
3/1/2014,0,0.0043,0.0043,-0.0109,0.0493,0.0213,0.0192
4/1/2014,0,-0.0019,-0.0019,-0.0412,0.0117,0.0348,0.0102
5/1/2014,0,0.0206,0.0206,-0.0189,-0.0013,0.0005,-0.01
6/1/2014,0,0.0261,0.0261,0.0311,-0.007,-0.0189,-0.02
7/1/2014,0,-0.0204,-0.0204,-0.0429,0.0003,0.0089,0.0052
8/1/2014,0,0.0424,0.0424,0.0031,-0.0045,-0.0064,-0.007
9/1/2014,0,-0.0197,-0.0197,-0.0372,-0.0134,0.013,-0.0051
10/1/2014,0,0.0252,0.0252,0.0373,-0.0181,-0.0057,-0.0011
11/1/2014,0,0.0255,0.0255,-0.0228,-0.0309,0.015,0.0027
12/1/2014,0,-0.0006,-0.0006,0.0286,0.0227,-0.0122,0.0096
1/1/2015,0,-0.0311,-0.0311,-0.0092,-0.0358,0.0161,-0.0165
2/1/2015,0,0.0613,0.0613,0.0032,-0.0186,-0.0112,-0.0182
3/1/2015,0,-0.0112,-0.0112,0.0307,-0.0037,0.0009,-0.0052
4/1/2015,0,0.0059,0.0059,-0.0309,0.0182,0.0006,-0.0061
5/1/2015,0,0.0136,0.0136,0.0083,-0.0114,-0.0179,-0.0074
6/1/2015,0,-0.0153,-0.0153,0.029,-0.0079,0.0044,-0.0158
7/1/2015,0,0.0154,0.0154,-0.0455,-0.0413,0.003,-0.0241
8/1/2015,0,-0.0604,-0.0604,0.0025,0.0277,0.0068,0.0119
9/1/2015,0,-0.0307,-0.0307,-0.0279,0.0056,0.0177,-0.0058
10/1/2015,0,0.0775,0.0775,-0.0207,-0.0046,0.0088,0.0052
11/1/2015,0,0.0056,0.0056,0.0331,-0.0042,-0.0275,-0.0099
12/1/2015,0.0001,-0.0216,-0.0217,-0.0299,-0.0261,0.005,-0.0002
1/1/2016,0.0001,-0.0576,-0.0577,-0.0347,0.0209,0.0282,0.0308
2/1/2016,0.0002,-0.0005,-0.0007,0.0088,-0.0057,0.0325,0.0202
3/1/2016,0.0002,0.0698,0.0696,0.0107,0.0119,0.0077,-0.0008
4/1/2016,0.0001,0.0092,0.0091,0.0123,0.0328,-0.0297,0.019
5/1/2016,0.0001,0.0179,0.0178,-0.0061,-0.0166,-0.0109,-0.0248
6/1/2016,0.0002,-0.0003,-0.0005,0.0045,-0.0148,0.014,0.0194
7/1/2016,0.0002,0.0397,0.0395,0.0248,-0.0132,0.0126,-0.0118
8/1/2016,0.0002,0.0051,0.0049,0.0168,0.0318,-0.0185,-0.0034
9/1/2016,0.0002,0.0027,0.0025,0.0185,-0.0124,-0.0221,0.0003
10/1/2016,0.0002,-0.02,-0.0202,-0.0402,0.0409,0.0093,0.0028
11/1/2016,0.0001,0.0487,0.0486,0.0707,0.0821,-0.0018,0.037
12/1/2016,0.0003,0.0184,0.0181,0.0041,0.0353,0.0122,-0.0023
1/1/2017,0.0004,0.0198,0.0194,-0.0146,-0.0275,-0.0049,-0.0099
2/1/2017,0.0004,0.0361,0.0357,-0.0222,-0.0167,0.0047,-0.0183
3/1/2017,0.0003,0.002,0.0017,0.0074,-0.0335,0.0061,-0.0094
4/1/2017,0.0005,0.0114,0.0109,0.0048,-0.0213,0.019,-0.016
5/1/2017,0.0006,0.0112,0.0106,-0.0306,-0.0378,0.0095,-0.0179
6/1/2017,0.0006,0.0084,0.0078,0.0258,0.0148,-0.0222,0
7/1/2017,0.0007,0.0194,0.0187,-0.0169,-0.0031,-0.0064,-0.002
8/1/2017,0.0009,0.0025,0.0016,-0.0182,-0.0209,0.0014,-0.0238
9/1/2017,0.0009,0.026,0.0251,0.0478,0.0314,-0.0147,0.0169
10/1/2017,0.0009,0.0234,0.0225,-0.0194,0.002,0.0093,-0.0325
11/1/2017,0.0008,0.032,0.0312,-0.0033,-0.0003,0.0316,-0.0005
12/1/2017,0.0009,0.0115,0.0106,-0.0107,0.0006,0.0074,0.0169
1/1/2018,0.0012,0.0569,0.0557,-0.0318,-0.0129,-0.0076,-0.0096
2/1/2018,0.0011,-0.0354,-0.0365,0.0032,-0.0104,0.0052,-0.0237
3/1/2018,0.0011,-0.0224,-0.0235,0.0359,-0.0021,-0.0046,0.0001
4/1/2018,0.0014,0.0042,0.0028,0.0093,0.0054,-0.0242,0.013
5/1/2018,0.0014,0.0279,0.0265,0.0473,-0.032,-0.0204,-0.015
6/1/2018,0.0014,0.0062,0.0048,0.008,-0.0234,0.0079,0.0024
7/1/2018,0.0016,0.0335,0.0319,-0.0193,0.0047,0.0156,0.0035
8/1/2018,0.0016,0.036,0.0344,0.0064,-0.0394,-0.0031,-0.027
9/1/2018,0.0015,0.0021,0.0006,-0.0248,-0.017,0.0063,0.0129
10/1/2018,0.0019,-0.0749,-0.0768,-0.0446,0.034,0.0094,0.0359
11/1/2018,0.0018,0.0187,0.0169,-0.0077,0.003,-0.0055,0.0039
12/1/2018,0.002,-0.0937,-0.0957,-0.0288,-0.0184,-0.0002,0.0021
1/1/2019,0.0021,0.0861,0.084,0.0303,-0.0046,-0.008,-0.0151
2/1/2019,0.0018,0.0358,0.034,0.0174,-0.0267,0.0012,-0.0159
3/1/2019,0.0019,0.0129,0.011,-0.0351,-0.0417,0.009,-0.0095
4/1/2019,0.0021,0.0418,0.0397,-0.0117,0.0215,0.0161,-0.0222
5/1/2019,0.0021,-0.0673,-0.0694,-0.0159,-0.0237,-0.0046,0.0177
6/1/2019,0.0018,0.0711,0.0693,0.0037,-0.0071,0.009,-0.0044
7/1/2019,0.0019,0.0138,0.0119,-0.0178,0.0048,-0.0008,0.0036
8/1/2019,0.0016,-0.0242,-0.0258,-0.0324,-0.0478,0.0056,-0.0068
9/1/2019,0.0018,0.0161,0.0143,0.0027,0.0675,0.0184,0.0337
10/1/2019,0.0016,0.0222,0.0206,0.0026,-0.0191,0.0044,-0.0096
11/1/2019,0.0012,0.0399,0.0387,0.0044,-0.0202,-0.0159,-0.0124
12/1/2019,0.0014,0.0291,0.0277,0.0097,0.0175,0.0001,0.0124
1/1/2020,0.0013,0.0002,-0.0011,-0.0438,-0.0625,-0.0117,-0.0232
2/1/2020,0.0012,-0.0801,-0.0813,0.0004,-0.0381,-0.0147,-0.0251
3/1/2020,0.0013,-0.1326,-0.1339,-0.0828,-0.1387,-0.0157,0.0124
4/1/2020,0,0.1365,0.1365,0.0256,-0.0133,0.0272,-0.01
5/1/2020,0.0001,0.0559,0.0558,0.0197,-0.0488,0.0095,-0.0326
6/1/2020,0.0001,0.0247,0.0246,0.0196,-0.022,0.0009,0.0054
7/1/2020,0.0001,0.0578,0.0577,-0.032,-0.0141,0.0041,0.0102
8/1/2020,0.0001,0.0764,0.0763,-0.0089,-0.0297,0.0428,-0.0119
9/1/2020,0.0001,-0.0362,-0.0363,0.0001,-0.0271,-0.0136,-0.0185
10/1/2020,0.0001,-0.0209,-0.021,0.0464,0.0425,-0.0083,-0.0078
11/1/2020,0.0001,0.1248,0.1247,0.0711,0.0209,-0.022,0.014
12/1/2020,0.0001,0.0464,0.0463,0.0479,-0.0151,-0.0196,-0.0012
1/1/2021,0.0001,-0.0002,-0.0003,0.0694,0.0301,-0.0378,0.0494
2/1/2021,0,0.0278,0.0278,0.0454,0.0715,0.0039,-0.0194
3/1/2021,0,0.0308,0.0308,-0.0088,0.0739,0.0636,0.0342
4/1/2021,0,0.0493,0.0493,-0.0316,-0.0095,0.0244,-0.027
5/1/2021,0,0.0029,0.0029,0.0122,0.0709,0.0245,0.0304
6/1/2021,0,0.0275,0.0275,-0.0034,-0.0787,-0.0214,-0.0094
7/1/2021,0,0.0127,0.0127,-0.0461,-0.0178,0.0546,-0.0052
8/1/2021,0,0.0291,0.0291,-0.0068,-0.0015,-0.0028,-0.0179
9/1/2021,0,-0.0437,-0.0437,0.0112,0.0508,-0.0196,0.021
10/1/2021,0,0.0665,0.0665,-0.027,-0.0049,0.0166,-0.0145
11/1/2021,0,-0.0155,-0.0155,-0.0177,-0.0045,0.072,0.0173
12/1/2021,0.0001,0.0311,0.031,-0.008,0.0326,0.0491,0.044
1/1/2022,0,-0.0625,-0.0625,-0.0406,0.1275,0.0084,0.0772
2/1/2022,0,-0.0229,-0.0229,0.0292,0.0308,-0.0209,0.0312
3/1/2022,0.0001,0.0306,0.0305,-0.0217,-0.0181,-0.0153,0.0314
4/1/2022,0.0001,-0.0945,-0.0946,-0.0039,0.0617,0.0352,0.0589
5/1/2022,0.0003,-0.0031,-0.0034,-0.0006,0.0839,0.0156,0.0397
6/1/2022,0.0006,-0.0837,-0.0843,0.013,-0.0597,0.0181,-0.0469
7/1/2022,0.0008,0.0965,0.0957,0.0182,-0.0405,0.0082,-0.0683
8/1/2022,0.0019,-0.0358,-0.0377,0.0152,0.0029,-0.0475,0.0129
9/1/2022,0.0019,-0.0916,-0.0935,-0.0105,0.0005,-0.0151,-0.008
10/1/2022,0.0023,0.0806,0.0783,0.0189,0.0801,0.0334,0.0664
11/1/2022,0.0029,0.0489,0.046,-0.0274,0.0138,0.0638,0.0318
12/1/2022,0.0033,-0.0608,-0.0641,-0.0015,0.0137,0.0025,0.042
1/1/2023,0.0035,0.07,0.0665,0.0441,-0.0401,-0.0244,-0.0447
2/1/2023,0.0034,-0.0224,-0.0258,0.0066,-0.0081,0.0101,-0.0133
3/1/2023,0.0036,0.0287,0.0251,-0.0694,-0.0885,0.0224,-0.0237
4/1/2023,0.0035,0.0096,0.0061,-0.0256,-0.0004,0.0242,0.0286
5/1/2023,0.0036,0.0071,0.0035,-0.0038,-0.0772,-0.0181,-0.0722
6/1/2023,0.004,0.0686,0.0646,0.0134,-0.0026,0.0218,-0.0162
7/1/2023,0.0045,0.0366,0.0321,0.0286,0.0411,-0.0057,0.0057
8/1/2023,0.0045,-0.0194,-0.0239,-0.0365,-0.0106,0.0343,-0.0237
9/1/2023,0.0043,-0.0481,-0.0524,-0.0179,0.0152,0.0187,-0.0082
